#{"t_start": 1704427610.9240289, "env_id": "LunarLanderContinuous-v2"}
r,l,t
-337.979562,94,0.116355
-181.70694,131,0.237792
-193.194037,107,0.2727
-64.914958,80,0.296764
-79.237482,71,0.317595
-203.327566,86,0.344792
-129.378574,98,0.378355
-247.256205,134,0.422758
-57.321539,92,0.450991
-174.144374,102,0.482573
-452.970689,100,0.510144
-153.571747,78,0.531296
-363.029508,134,0.568138
-277.583932,97,0.594654
-347.222102,105,1.523423
-83.261882,121,1.560153
-46.625215,114,1.591941
-371.684916,109,1.622437
-277.401832,96,1.647594
-160.55717,96,1.672804
-325.195198,113,1.702471
-63.145694,72,1.72075
-125.501124,137,1.758199
-150.988122,102,1.783825
3.873136,72,1.802248
-199.69186,84,1.82404
-139.775318,139,1.863647
-217.217457,137,1.903513
-103.192798,147,2.758602
-174.056878,82,2.780756
-73.639748,126,2.816572
-314.625319,89,2.841764
-441.781438,90,2.865884
-308.553491,99,2.89397
-68.986047,84,2.916317
-224.832732,64,2.933039
-96.946279,103,2.963666
-274.026011,93,2.987781
-390.64014,84,3.008743
-383.332736,146,3.05242
-171.464102,116,3.083206
-207.98197,94,3.108573
-237.220398,124,3.141004
-72.619381,145,3.9251
42.047446,99,3.951144
-280.826908,92,3.97506
-191.58058,72,3.992243
-204.847023,82,4.013124
-356.909365,114,4.043961
-223.979557,111,4.075049
-487.984271,99,4.110635
-343.07963,105,4.138728
-237.579735,69,4.156538
-92.110124,97,4.183129
-313.831119,104,4.20933
-88.770971,88,4.232202
-107.428478,158,4.279052
-163.84979,79,4.299783
-96.005386,107,4.893291
-269.117104,96,4.919009
-435.209723,107,4.947169
-338.085345,148,4.998649
-139.160989,163,5.054795
-101.834202,162,5.109692
-265.503499,85,5.134975
-107.011339,75,5.15353
-130.1845,117,5.186227
-231.418817,104,5.218019
-86.269975,75,5.239067
-283.892972,100,5.268756
-111.662463,130,5.311413
-104.532421,111,6.207539
-280.790395,80,6.227283
-100.83062,151,6.272217
-349.713705,118,6.304036
-375.864781,110,6.333275
27.535075,80,6.353876
-133.415513,120,6.384497
-358.832349,85,6.405427
-222.341615,117,6.434855
-97.521554,73,6.454113
-320.360883,115,6.483982
-77.902824,70,6.502382
-320.207735,118,6.534939
-183.974897,97,6.560973
-188.351072,100,6.58794
-32.184604,83,7.402539
-91.437292,83,7.424715
-216.297245,68,7.441296
-344.198081,115,7.473183
-390.038014,175,7.528488
-173.610517,89,7.551393
-34.043658,85,7.573848
-72.528493,85,7.595891
-175.243861,127,7.630768
-297.692979,102,7.659603
-176.188827,97,8.839714
-592.170952,161,11.058283
-534.303395,170,13.106442
-352.961089,161,15.637207
-307.325566,164,17.476916
-230.730837,141,19.040733
-148.331355,103,20.171914
-801.887338,197,22.360126
-118.698905,115,23.616224
-413.039751,205,25.876525
-224.434436,103,27.000829
-95.617019,114,28.234517
-55.317973,160,29.982432
-162.132416,299,34.033521
-43.783221,80,34.900435
-67.202935,70,35.658599
-32.167736,106,36.804518
-48.884847,100,37.881828
-277.501974,113,39.102507
-152.048184,133,40.537015
-62.248759,127,41.90524
-12.717941,140,43.410667
-199.403394,113,44.628028
-276.202305,118,45.903106
-174.371105,130,47.298287
-47.956208,103,49.16902
-72.450323,118,50.440355
-327.024936,121,51.752827
-49.192268,139,53.255262
12.211692,122,54.575752
-115.342381,124,55.914207
66.065758,1000,68.967346
-26.209907,161,70.70695
-43.321033,143,72.249834
-70.708262,135,73.703599
15.851384,232,76.234234
38.55041,184,78.220478
13.184727,118,79.491115
-98.321665,1000,94.694785
27.50079,195,96.827306
53.664813,150,98.451972
84.944096,1000,112.950467
79.333251,1000,124.889891
7.467204,217,130.749049
12.564344,1000,142.630388
-8.015041,1000,161.124066
132.888901,1000,179.157806
29.664155,1000,191.275083
121.527633,1000,210.259204
142.849811,1000,231.447456
-8.749047,1000,244.69493
-9.19956,1000,267.485488
90.052824,1000,288.617859
149.361217,1000,299.966029
-169.412294,1000,328.330176
105.492629,1000,353.597782
98.127107,1000,365.641963
84.019408,1000,387.971942
232.182697,830,397.613093
107.448824,1000,420.681376
114.161937,1000,444.134245
196.11968,907,454.846871
163.853759,776,476.41049
196.405995,882,502.027046
-45.64405,1000,515.035418
-88.528791,1000,537.46338
-79.24476,1000,562.148711
-30.46259,1000,575.683738
178.721421,763,598.143609
-376.317525,885,608.316006
-173.483383,1000,633.926737
240.548633,514,639.915484
170.750143,690,662.448336
179.865695,853,673.18349
178.838965,717,697.403252
148.681999,922,708.896101
1.384285,1000,736.992542
219.802256,705,757.820148
-64.119955,1000,769.338225
-64.840967,1000,793.334172
-12.832346,1000,822.506139
8.046497,1000,834.530715
206.473609,678,858.649713
165.715746,734,867.218683
158.968477,746,887.550138
191.663388,566,894.117115
186.831745,822,908.357114
207.461212,479,913.857916
240.289924,409,918.51796
259.739416,429,923.302958
262.846063,430,933.372406
246.219251,359,937.393182
-2.686426,220,939.800024
249.977786,414,944.378677
266.858319,330,950.214054
259.784721,268,953.150608
209.223718,314,956.645472
288.654355,360,960.656144
218.303758,644,970.957549
248.788266,281,974.068082
233.675173,353,978.046474
28.948601,154,979.708314
208.502392,808,990.546308
271.017296,281,993.63403
214.298296,341,997.475542
32.6046,182,999.457715
185.976841,429,1007.09515
239.80761,574,1013.544007
269.460772,410,1018.115271
230.732302,360,1022.123031
214.699633,351,1028.171006
77.631122,1000,1039.77737
206.55486,373,1048.508977
-0.805564,273,1051.531498
225.029542,407,1056.071489
246.057108,483,1061.562782
144.615171,584,1072.090138
95.309559,777,1080.931011
198.823631,455,1090.872878
219.449449,461,1096.180241
223.683373,354,1100.123182
289.243204,352,1104.071914
294.173348,284,1112.157474
182.063716,417,1116.889729
207.287428,340,1120.710019
-62.48402,1000,1138.950848
146.831795,654,1146.826194
162.392803,406,1151.363972
215.708335,504,1162.048708
238.152065,392,1166.484656
-68.253558,1000,1186.055757
277.671955,292,1189.306538
280.09879,319,1192.818626
257.998016,345,1196.694904
-51.456734,400,1209.248853
202.133659,388,1213.594748
247.036232,280,1216.680482
-98.680586,576,1223.1853
251.745178,311,1235.085241
231.742648,258,1237.923751
-32.474815,228,1240.421541
-32.666946,211,1242.733538
156.461078,1000,1261.033205
258.497457,286,1264.213427
-16.720732,339,1267.994754
250.090853,263,1270.862471
173.190183,471,1285.944122
215.624087,316,1289.439017
245.293359,278,1292.519177
25.465746,233,1295.086651
258.463155,383,1305.552046
250.43146,293,1308.789734
241.889734,353,1312.743167
262.656661,401,1317.296703
238.8915,296,1320.584036
5.779166,229,1332.353153
240.080713,323,1335.943188
257.24341,342,1339.782019
241.11912,304,1343.18001
268.676557,365,1347.347125
207.373177,390,1355.077131
243.710871,324,1358.690085
-61.584081,1000,1376.126562
228.716177,446,1381.23135
219.115155,321,1384.851065
263.205636,286,1388.063508
236.47956,364,1395.789171
-50.727435,295,1399.047187
-31.15377,350,1403.028801
185.7247,387,1407.463516
268.092787,392,1411.851405
235.008746,380,1423.803221
273.353788,399,1428.422411
-56.552119,238,1431.054424
233.850144,611,1446.565303
231.976141,340,1450.365465
243.835365,416,1455.125303
-139.3295,526,1461.124622
187.830536,467,1473.548759
250.46241,339,1477.345427
237.232074,473,1482.682393
231.327719,341,1492.532307
229.838874,392,1496.98482
243.888681,334,1500.753463
183.980531,455,1506.091287
216.683438,854,1525.72163
148.323472,488,1531.337736
266.770136,276,1534.430238
225.450289,316,1545.446596
-14.480679,271,1548.472869
280.761604,282,1551.644256
293.164191,291,1554.901265
244.114628,309,1558.348133
261.175951,468,1577.594627
277.783663,589,1584.514858
-19.214328,207,1586.804073
161.77972,482,1601.60472
9.481209,311,1605.078562
217.680882,264,1608.022806
256.09201,332,1611.732621
238.35672,331,1615.448042
243.54443,293,1630.328812
271.2153,338,1634.085956
226.288782,430,1639.04475
195.937758,307,1642.454571
-43.774273,1000,1664.106843
182.74458,368,1668.247445
-64.229378,1000,1687.08027
256.156892,275,1690.13803
207.358323,278,1693.260716
242.978522,298,1696.581214
238.957835,400,1712.269324
-197.667356,421,1717.030769
244.052455,322,1720.601973
268.60482,271,1723.620568
245.677338,404,1733.713358
170.123709,431,1738.628248
214.956816,405,1743.219075
252.701014,286,1746.400424
273.421883,281,1756.712307
226.667165,252,1759.509633
199.791289,270,1762.498758
212.482768,376,1766.748307
293.56762,259,1769.600734
238.034751,385,1778.881691
138.062148,650,1786.433794
-10.567193,1000,1802.360618
251.660073,264,1805.291116
259.866107,358,1809.355152
-11.856879,1000,1828.908251
246.8181,264,1831.878106
227.316545,328,1835.517451
279.973691,258,1838.372919
226.812854,323,1849.953483
246.905255,373,1854.170186
230.872643,283,1857.347593
185.402899,372,1861.576534
241.255531,281,1864.70603
248.588806,369,1872.640179
285.903609,252,1875.452431
291.58227,256,1878.297499
266.691169,264,1881.201422
264.992064,249,1883.946189
254.85958,345,1890.680052
164.614018,496,1896.413752
257.197158,294,1899.713544
248.756529,283,1902.859953
290.383541,262,1905.75536
244.31218,451,1915.487247
278.744035,428,1920.344889
236.449741,301,1923.722986
225.695285,451,1932.00652
272.253849,308,1935.443028
222.062155,273,1938.498378
285.97242,255,1941.303943
245.863718,294,1944.574374
284.668028,255,1947.397748
239.000766,277,1954.565335
270.446165,277,1957.655769
239.544102,275,1960.741898
271.663851,286,1963.913786
278.033727,262,1966.817918
236.804969,316,1973.469493
267.183654,278,1976.571697
277.871551,261,1979.444982
271.392739,257,1982.318108
209.595925,421,1987.162196
219.208373,288,1993.112794
232.109412,271,1996.148183
284.984917,251,1998.938187
232.455198,279,2002.049719
255.881526,300,2005.399309
271.937385,248,2011.663473
269.611709,300,2015.011368
284.585869,277,2018.091752
-95.511655,466,2023.240731
264.734322,309,2026.669062
255.152659,531,2037.539412
261.411362,393,2041.960382
260.840472,342,2045.786098
257.600823,382,2054.757757
-125.288213,491,2060.256382
198.458027,422,2065.008933
277.21428,358,2069.037381
236.127562,268,2074.461032
255.987332,388,2078.809972
255.798625,275,2081.852449
260.364219,282,2084.999017
250.222117,286,2088.207013
273.593144,248,2093.390395
287.924946,223,2095.858761
249.628604,264,2098.791048
242.822507,296,2102.087855
277.267742,269,2105.059798
27.485422,189,2107.128238
235.66379,277,2113.000954
254.682049,269,2116.006825
253.888529,266,2118.94677
248.063676,277,2122.03808
231.302278,285,2125.230988
223.222346,283,2128.382579
229.282291,275,2134.189322
225.185826,290,2137.435643
248.612175,282,2140.569396
244.58624,266,2143.542058
245.085406,298,2146.840031
251.338002,276,2153.085778
246.842913,256,2155.935573
264.757363,304,2159.322472
274.398848,232,2161.880486
275.276387,235,2164.461643
207.815055,418,2172.614101
245.346268,261,2175.528587
250.28774,259,2178.418021
274.021187,346,2182.312635
288.551527,258,2185.180168
248.552293,276,2188.233004
220.293252,284,2194.921565
236.760257,292,2198.162658
257.257274,249,2200.909065
266.73785,250,2203.695054
261.897861,249,2206.424347
272.978103,329,2212.768608
302.702763,456,2217.830202
291.957625,224,2220.319514
-138.716601,451,2225.335124
276.271413,227,2227.836772
245.436967,275,2233.211485
243.862124,250,2236.005434
241.96984,347,2239.890637
189.517129,407,2244.516966
269.268312,407,2252.073676
232.897767,257,2254.944636
270.80962,308,2258.380111
275.882693,213,2260.727327
239.10788,254,2263.51593
266.088868,242,2266.168024
230.524662,269,2271.453668
262.732592,256,2274.324137
230.611737,256,2277.163216
239.258272,307,2280.561737
252.306554,243,2283.242499
144.999051,823,2295.417044
184.438129,476,2300.804729
281.721234,237,2303.429008
252.616488,297,2308.578422
281.526581,229,2311.108922
283.03262,271,2314.099876
294.087996,251,2316.867814
247.038036,372,2321.019924
269.503684,249,2323.756878
190.914465,439,2330.627718
206.593299,365,2334.664994
176.143906,492,2340.107312
241.394147,296,2346.20032
251.34382,234,2348.802907
263.70068,273,2351.830787
252.25811,269,2354.803758
297.500612,263,2357.714644
235.595729,254,2360.517694
195.016328,416,2368.007641
264.360405,256,2370.843006
230.029769,293,2374.108932
269.318126,257,2376.95882
260.864679,335,2380.71866
-182.659692,501,2388.952198
253.185652,327,2392.56523
216.039612,265,2395.502166
292.679076,238,2398.139119
265.752585,263,2401.037633
254.513417,257,2407.998379
280.930556,240,2410.640785
241.217235,254,2413.482893
269.123418,265,2416.419934
232.534347,275,2419.488627
-80.394416,589,2429.141987
294.164101,216,2431.531021
245.372328,311,2435.014644
237.311049,256,2437.853127
248.200444,255,2440.652548
284.748403,249,2446.692555
250.096404,224,2449.167671
201.081367,505,2455.087139
267.577915,249,2457.839773
265.397946,225,2460.317891
230.933991,700,2470.397727
279.808815,236,2473.005722
254.999126,273,2476.01394
258.111105,250,2478.756534
264.97397,249,2483.711769
280.818861,268,2486.67347
281.259178,260,2489.524633
255.536369,268,2492.515599
212.217244,525,2498.353601
250.179771,250,2502.935376
269.890489,238,2505.589587
281.705186,239,2508.24426
294.847818,390,2512.63695
253.450952,261,2515.521281
227.360001,259,2520.373142
275.839501,224,2522.846532
263.115992,241,2525.516044
254.720159,323,2529.124693
226.254032,260,2531.992593
308.743241,277,2535.032454
273.357418,250,2539.651905
244.994753,251,2542.423094
263.25148,236,2545.030726
277.795333,413,2549.60674
210.982216,508,2557.720757
281.416989,254,2560.522511
272.0647,229,2563.058945
259.817077,312,2566.534248
242.366228,249,2569.278408
265.136586,261,2572.167236
278.938388,239,2576.696043
255.040863,254,2579.504884
267.733244,264,2582.428883
302.987602,245,2585.142709
230.351723,229,2587.665555
293.380631,243,2590.344638
252.694977,236,2595.090363
271.053465,231,2597.652023
268.752443,228,2600.167023
247.739406,253,2602.985907
291.65328,250,2605.743276
293.787809,253,2608.523335
265.519471,243,2611.20083
290.355286,277,2615.981094
301.462868,283,2619.157073
271.848337,234,2621.74607
257.63063,261,2624.620158
235.175542,251,2627.384309
272.241795,263,2632.573239
251.591265,225,2635.059312
251.781498,246,2637.772216
271.575064,251,2640.53729
273.879654,295,2643.809273
295.20049,313,2647.32164
256.761022,243,2651.87903
264.717919,256,2654.719659
244.899424,254,2657.537997
263.348395,242,2660.230416
283.869567,269,2663.202918
254.583098,271,2666.210011
271.044017,255,2670.728254
296.77551,250,2673.468808
242.946074,227,2675.977163
262.243231,253,2678.76541
266.4159,234,2681.357239
264.13252,266,2684.282429
103.621946,1000,2697.858204
245.513407,228,2700.386539
262.689058,236,2702.982807
278.866921,241,2707.50256
257.688011,238,2710.17181
106.475735,1000,2721.546005
279.329776,223,2725.869972
303.074021,233,2728.455503
275.837201,255,2731.26839
282.403652,288,2734.446958
278.219184,211,2736.757803
296.891675,250,2739.497225
267.1235,244,2743.957578
253.429895,241,2746.633966
274.730595,236,2749.242099
273.487264,268,2752.20905
262.631875,251,2754.975791
287.504989,230,2757.494511
272.519572,220,2761.545412
279.580975,252,2764.341483
259.003123,228,2766.878009
300.860286,246,2769.607624
276.48798,228,2772.13678
282.971504,236,2774.715318
239.426613,239,2777.344806
240.372539,250,2781.949836
264.651797,251,2784.725203
296.248198,258,2787.575954
301.2523,262,2790.439875
262.060858,234,2793.026083
278.906287,254,2795.804191
262.305871,260,2800.414384
274.550932,296,2803.730414
253.195019,216,2806.112177
291.319001,253,2808.90208
251.004793,251,2811.667541
290.268085,221,2814.097245
260.066574,246,2818.370517
256.051474,244,2821.07384
300.014406,262,2823.967883
247.850664,252,2826.75995
277.596253,251,2829.533904
269.344517,223,2831.974822
275.325021,210,2836.021769
265.950236,253,2838.839421
264.458515,258,2841.688927
269.784073,253,2844.485946
280.827319,334,2848.195439
257.769146,268,2851.153731
239.390221,240,2856.743411
275.269596,264,2859.656348
286.561914,242,2862.350616
257.773893,228,2864.88432
301.337805,227,2867.399681
283.307001,234,2869.976902
275.95231,250,2874.488248
296.270985,240,2877.138593
284.499473,270,2880.137007
275.732101,223,2882.592786
294.727958,230,2885.138201
271.886914,339,2888.882206
252.082646,235,2893.933362
267.242097,234,2896.529944
277.405128,209,2898.835972
191.803687,666,2906.432776
263.318886,221,2910.780744
273.840934,348,2914.657372
269.990007,263,2917.561727
263.961587,250,2920.325592
197.600916,615,2930.187069
270.982445,272,2933.21684
257.028567,257,2936.054971
280.621397,245,2938.787796
242.957451,223,2941.242933
290.200453,273,2944.233875
232.022625,249,2950.988855
231.403335,871,2961.400518
225.237488,215,2963.754996
292.162718,243,2966.422051
254.468795,250,2971.686081
274.733963,209,2973.994389
133.190809,1000,2985.712139
252.168435,233,2990.357644
274.567746,218,2992.772194
256.105751,773,3001.873296
271.593982,231,3004.410758
266.937618,240,3010.535057
249.184511,278,3013.651278
278.326664,292,3016.902845
293.870045,227,3019.410224
232.357391,256,3022.234543
252.24087,252,3025.008418
290.259867,220,3029.426073
263.823076,270,3032.430466
278.110504,227,3034.938305
263.268303,248,3037.689294
306.862128,278,3040.760114
242.235575,250,3043.509949
259.126971,239,3048.782285
290.531939,258,3051.623317
241.950261,237,3054.252278
294.579019,240,3056.907165
256.458157,250,3059.682549
269.3092,271,3062.707489
270.685267,253,3067.376988
239.346021,241,3070.056527
272.341984,364,3074.137391
268.929985,231,3076.700401
226.898815,654,3085.919983
253.678015,247,3088.67778
280.260404,262,3091.568347
280.377653,265,3094.461649
245.426859,255,3097.29532
168.077318,607,3106.167145
268.080887,498,3111.861099
294.533448,297,3115.186069
283.707321,221,3117.629905
255.190268,234,3120.21289
223.378431,483,3127.64325
266.669406,237,3130.265744
254.103444,268,3133.233266
243.25577,270,3136.213151
267.951948,243,3138.906186
266.044521,231,3143.757779
289.168621,236,3146.383121
267.802268,320,3149.99426
268.942215,293,3153.236731
238.596252,255,3156.052564
257.406295,293,3161.509981
253.315098,261,3164.438407
293.331328,207,3166.726079
270.203425,252,3169.500974
292.760341,218,3171.904407
300.896397,234,3174.47814
257.821732,235,3177.083214
272.693443,259,3181.807208
278.09573,263,3184.711154
275.352971,269,3187.673747
235.773343,253,3190.470188
268.649455,232,3193.044539
270.018475,297,3198.209581
208.625519,503,3204.021971
235.755383,238,3206.638279
280.450454,279,3209.712991
290.491845,250,3212.446521
268.936855,234,3217.064969
277.117793,464,3222.322874
258.768576,243,3225.013864
282.545086,266,3227.949309
285.237949,279,3231.022146
252.021296,261,3236.004998
251.83512,389,3240.44262
284.111592,277,3243.504727
252.284026,255,3246.321096
283.317117,234,3248.909183
305.546064,317,3254.542249
272.672867,259,3257.42345
259.888852,268,3260.4089
271.022285,224,3262.891443
261.127749,256,3265.718379
278.530448,242,3268.404368
260.859692,247,3272.848864
255.912432,227,3275.368209
282.979896,253,3278.164183
261.342565,269,3281.136032
253.023535,238,3283.742214
272.963337,236,3286.355924
251.746751,220,3288.777762
256.394365,228,3293.067732
258.866258,237,3295.688714
305.988236,264,3298.603771
270.625834,230,3301.146262
276.642628,235,3303.733417
271.275768,212,3306.063787
251.915686,247,3310.378677
248.836886,231,3312.94011
295.712901,225,3315.430963
281.881754,253,3318.214652
256.152824,236,3320.808868
285.357902,252,3323.586435
276.571712,249,3327.976643
286.937825,216,3330.365392
301.179872,297,3333.668649
281.240874,314,3337.201468
260.27075,246,3339.917338
260.644913,220,3342.33122
264.468256,243,3346.671617
270.335427,258,3349.529495
261.891695,236,3352.136332
299.19625,326,3355.724589
285.474597,250,3358.456023
248.039852,238,3361.075757
269.261196,255,3365.650719
262.831425,225,3368.117105
252.569488,225,3370.599404
280.93701,249,3373.356134
207.695437,565,3379.821792
241.386013,222,3383.861077
284.276057,229,3386.389833
247.367668,231,3388.942683
290.502171,234,3391.488011
286.798557,309,3394.970687
229.294118,227,3397.465632
260.092643,235,3401.576945
247.459871,247,3404.307536
260.140822,240,3406.947277
285.492587,231,3409.510649
238.607536,245,3412.216391
31.298615,1000,3425.343856
274.057189,252,3428.125336
238.890149,232,3430.682054
300.88637,220,3433.109195
264.866904,202,3435.329089
268.774132,236,3439.685343
281.854832,271,3442.704216
257.239324,255,3445.537272
281.941968,221,3447.976835
265.89004,244,3450.67671
289.405428,245,3453.348959
269.903292,224,3457.216937
302.927965,198,3459.410888
258.009299,251,3462.211329
283.601684,213,3464.555719
272.670829,226,3467.026869
242.360281,223,3469.488828
269.804562,256,3473.83536
253.302732,222,3476.278224
240.211067,218,3478.68429
275.333375,211,3481.000518
257.171033,223,3483.462418
279.859986,216,3485.843513
282.504646,248,3488.600281
270.776982,204,3492.205912
251.978913,241,3494.877622
293.443599,329,3498.524264
261.343533,217,3500.921001
273.935744,217,3503.302332
243.286514,212,3505.617972
202.704245,525,3513.40416
286.056825,247,3516.133897
264.676913,232,3518.690825
253.838585,241,3521.365163
271.653966,877,3532.682536
186.378819,766,3541.389967
278.752784,258,3544.263932
275.717864,247,3548.457659
225.31945,225,3550.93507
287.623012,200,3553.137506
247.227068,237,3555.747757
234.817862,215,3558.106254
256.814316,233,3560.651836
263.825384,255,3565.333588
238.832504,239,3567.983137
301.492758,545,3574.08708
260.987155,238,3576.694446
227.748113,633,3585.687214
281.56252,225,3588.168398
284.741773,235,3590.741183
270.843708,210,3593.053858
291.965091,234,3595.642657
258.656867,252,3598.414519
251.122336,225,3602.988481
273.281186,221,3605.426204
250.042919,215,3607.79705
309.163054,200,3609.997929
297.586755,276,3613.030528
281.992143,222,3615.473536
303.102523,217,3617.875442
279.348547,234,3622.015462
278.970908,212,3624.366131
260.406579,241,3627.017936
283.897716,206,3629.278115
267.764933,214,3631.635025
265.658805,218,3634.021992
286.212735,259,3638.431667
259.272902,224,3640.915249
254.503434,238,3643.549921
286.055231,236,3646.158814
272.449202,271,3649.168414
273.918024,236,3651.759393
291.757169,245,3654.460274
254.160629,228,3659.506453
257.698264,208,3661.802452
195.946664,892,3671.866659
241.640383,224,3675.891016
286.423413,219,3678.319037
262.796739,243,3681.022646
259.875732,263,3683.939489
296.099195,213,3686.297163
287.285517,225,3688.767738
271.375754,226,3691.22999
253.760424,216,3695.08793
283.415854,253,3697.931107
259.251805,262,3700.838467
267.688741,246,3703.538246
289.9054,308,3706.954236
281.212359,229,3709.455337
272.216991,231,3713.441792
277.459694,232,3716.029193
258.946013,247,3718.749868
274.124732,208,3721.029249
275.013955,247,3723.746712
296.178871,288,3726.925993
278.565701,236,3731.314395
271.411543,266,3734.268827
300.137278,213,3736.614679
269.461286,255,3739.421668
249.26796,241,3742.080806
301.643489,219,3744.50312
269.460763,243,3748.549974
285.219832,239,3751.205562
264.545041,214,3753.576757
288.198055,223,3756.031491
254.16666,203,3758.269806
257.710333,232,3760.820501
259.282887,229,3763.354213
274.12782,211,3767.285485
266.720291,258,3770.143484
301.434681,241,3772.784806
261.598153,261,3775.670926
275.211886,224,3778.15112
272.755604,247,3780.8541
280.734517,270,3785.413101
297.419973,213,3787.775736
265.452848,256,3790.602475
255.71359,246,3793.324098
293.018845,257,3796.150808
269.262139,232,3798.724568
293.594561,281,3803.596804
261.441354,251,3806.373072
256.573525,241,3809.046873
247.415978,263,3811.948148
261.109136,218,3814.379054
268.403881,253,3817.15246
277.750096,305,3822.198105
280.766813,219,3824.630965
265.342985,227,3827.14246
265.57573,248,3829.890322
265.525491,240,3832.522443
303.48848,213,3834.87435
275.629452,261,3839.515313
237.383081,249,3842.273344
300.107134,258,3845.128578
255.060557,247,3847.844091
258.413176,223,3850.292458
260.194771,246,3853.000486
299.716276,237,3857.265718
286.811457,238,3859.902071
270.528516,249,3862.653892
309.035145,196,3864.80889
293.155858,202,3867.034461
281.309879,201,3869.244999
269.429916,220,3871.664509
246.613687,224,3875.791008
307.187099,241,3878.47052
288.869369,274,3881.504833
299.701399,226,3884.006731
275.5901,219,3886.409454
276.594654,257,3889.292251
272.832527,265,3893.74087
276.51811,270,3896.760418
245.813963,243,3899.474641
282.124126,226,3901.975521
282.276872,228,3904.480546
297.996794,212,3906.817626
292.088058,267,3909.765336
260.377705,259,3914.257999
294.161536,272,3917.24036
273.776658,289,3920.428052
239.291772,250,3923.17967
291.379768,226,3925.656247
226.88534,241,3930.036858
260.813017,259,3932.918902
238.104722,238,3935.626678
279.586429,231,3938.155322
239.393363,237,3940.76507
264.267918,244,3943.446033
297.989302,250,3946.179089
284.313393,213,3950.166786
281.19717,267,3953.110933
299.662858,306,3956.516268
271.635355,235,3959.109992
258.693739,220,3961.544638
276.423773,229,3964.052063
268.170367,257,3968.526253
262.210323,246,3971.270373
285.02703,263,3974.15436
249.173129,274,3977.184272
295.923161,270,3980.156647
268.705654,228,3982.675322
299.460708,242,3987.041832
258.90894,227,3989.560263
233.830854,246,3992.282549
284.223464,225,3994.776479
258.521,237,3997.39011
236.543215,230,3999.914886
290.44211,243,4004.063334
279.418713,222,4006.53468
274.760654,224,4008.990614
257.648217,225,4011.456541
303.284896,212,4013.797806
277.917771,238,4016.417448
276.738152,217,4018.820319
299.791306,245,4023.074388
276.511865,218,4025.502364
253.997885,231,4028.0598
256.539894,259,4030.920847
274.767897,232,4033.461486
274.585879,262,4036.329212
270.653574,274,4040.891172
250.348836,222,4043.343307
302.608081,279,4046.453777
283.017235,254,4049.235057
269.80616,238,4051.852507
271.272886,219,4054.271714
250.79172,218,4058.171381
294.180015,224,4060.636908
287.855381,258,4063.478119
264.891819,250,4066.255064
285.249733,278,4069.338837
295.583167,209,4071.638618
293.35124,269,4076.078329
265.882097,214,4078.448992
285.6973,237,4081.074596
252.723178,226,4083.575724
282.759983,215,4085.92198
256.643227,260,4088.788212
236.304131,236,4091.380177
301.094308,196,4095.18205
290.590589,230,4097.712672
305.299137,206,4099.989309
260.730717,217,4102.377444
267.118819,244,4105.083215
235.067052,229,4107.60748
248.140974,229,4111.703433
291.085328,201,4113.913651
302.879296,234,4116.480567
272.717726,223,4118.938695
292.597008,216,4121.31703
267.645765,243,4123.989995
240.563385,238,4126.620161
242.246366,230,4130.646013
274.172837,266,4133.584608
266.968528,217,4135.98419
274.614252,234,4138.561284
266.342978,229,4141.085777
300.101182,208,4143.371181
274.818893,234,4147.394719
246.708958,220,4149.830077
279.458873,211,4152.166626
287.960989,280,4155.266035
274.024785,206,4157.533671
237.714166,215,4159.895017
269.6167,236,4162.509125
270.179256,241,4166.674091
299.218173,303,4170.111943
301.593118,239,4172.738717
281.26357,241,4175.377685
235.789445,230,4177.911322
300.785956,329,4181.544602
287.454277,236,4185.696777
292.426162,252,4188.476889
247.781795,224,4190.936293
273.611968,271,4193.92963
260.872746,216,4196.304539
284.391343,275,4199.360596
253.153884,221,4203.190109
266.055271,237,4205.806186
262.601878,209,4208.113039
263.500471,262,4211.009144
275.908716,228,4213.527316
277.75964,218,4215.915827
288.467527,226,4220.053034
270.32421,228,4222.592771
263.44852,251,4225.379625
270.100079,227,4227.901591
245.637054,237,4230.508024
259.129134,229,4233.035044
283.895561,264,4235.955432
38.579433,171,4239.208229
154.74857,1000,4250.629674
265.287642,221,4253.066514
306.32062,195,4256.814922
283.152601,244,4259.497804
164.890237,1000,4270.841948
243.201932,251,4275.271468
298.416882,218,4277.698273
247.703501,239,4280.336227
289.913866,218,4282.739627
239.90454,209,4285.033204
248.334397,244,4287.715296
270.845022,238,4290.339677
139.523692,1000,4303.264754
284.746377,226,4305.750901
302.37427,477,4312.648966
272.837817,210,4314.970294
267.460823,203,4317.210545
270.456367,202,4319.430542
274.469026,235,4322.030158
243.985022,233,4324.600412
248.412488,212,4326.927928
278.998422,201,4330.622152
285.960831,197,4332.785613
257.192417,233,4335.346019
296.272644,197,4337.493714
262.3989,253,4340.269651
281.373054,204,4342.514599
241.826564,216,4344.886348
271.10401,240,4349.004133
263.684,331,4352.688649
251.943573,225,4355.164239
256.459415,241,4357.827095
290.677416,231,4360.367358
237.493545,804,4370.783903
264.8496,222,4373.243679
236.25104,223,4375.695317
272.288917,194,4377.820699
269.590472,246,4380.542205
293.275619,256,4384.881928
284.151507,265,4387.835075
297.914696,242,4390.496727
277.297535,228,4393.02044
273.909014,221,4395.42706
268.562292,235,4397.984777
33.385539,132,4399.418328
247.319227,212,4403.103512
260.745328,227,4405.614735
271.81281,211,4407.944121
263.996396,214,4410.287549
266.787676,257,4413.127972
285.76112,221,4415.558124
262.473837,213,4419.411435
256.014869,234,4422.021592
147.145306,1000,4433.764464
288.342362,534,4441.06849
266.573688,228,4443.581191
257.875106,280,4446.719096
271.102885,236,4449.324414
280.627322,212,4451.659683
243.36153,225,4454.143402
271.119692,239,4458.824762
259.852735,233,4461.397277
252.292041,211,4463.712883
260.510732,208,4465.990262
260.60355,198,4468.159389
283.97344,232,4470.693092
267.679425,223,4474.600889
261.272919,354,4478.558435
286.191239,252,4481.350406
278.413827,265,4484.279968
267.503949,389,4488.587073
283.632175,235,4494.186264
275.289254,198,4496.374192
242.416484,238,4499.010235
257.161404,270,4502.0146
-48.574495,810,4513.439977
302.119359,212,4515.789514
273.853864,255,4518.611151
266.371316,339,4522.418869
230.465744,226,4524.901202
284.18029,210,4527.209949
247.216789,243,4531.297326
275.662979,227,4533.790149
274.397731,365,4537.811728
260.548116,644,4544.99653
238.825181,241,4547.655449
257.276643,203,4551.380415
248.362785,210,4553.701472
265.868567,229,4556.196995
262.695266,220,4558.601301
265.277519,243,4561.263933
-35.365964,743,4571.525715
169.893925,668,4579.343514
280.401455,227,4581.856868
286.405965,202,4584.075145
275.487409,209,4587.873386
252.162319,216,4590.269119
272.851366,228,4592.793247
234.134142,226,4595.28289
229.840323,242,4597.952838
286.351511,208,4600.241491
56.388016,1000,4613.380443
299.509582,223,4615.852465
268.466967,343,4619.711762
275.952697,235,4624.349653
286.043608,256,4627.181222
271.504416,196,4629.34515
274.604843,215,4631.742298
247.594255,229,4634.276679
262.644381,312,4637.82579
241.427492,222,4640.266389
252.572862,207,4644.090523
242.20152,205,4646.349049
232.072936,228,4648.864599
152.918087,1000,4661.627866
263.821155,245,4664.343592
237.354047,225,4666.83308
257.232373,233,4669.402658
231.480486,221,4671.848156
271.787532,231,4674.383339
281.607416,231,4678.416578
256.872076,248,4681.173584
25.616981,148,4682.78842
250.258089,731,4691.239405
280.488907,209,4693.526623
236.40233,217,4697.377043
273.423247,278,4700.486237
188.014526,483,4706.000707
151.302246,1000,4719.057718
242.580618,212,4721.401317
292.66678,223,4723.87375
269.68709,245,4726.590645
269.478152,236,4729.190743
271.293766,310,4734.770037
277.224957,195,4736.930262
290.449567,228,4739.451638
150.088913,1000,4751.112205
270.824373,248,4755.193302
254.211406,255,4758.010726
301.332376,229,4760.550292
256.138174,203,4762.786664
61.474847,1000,4776.71703
251.787384,230,4779.242303
245.662109,229,4781.755275
261.641896,264,4784.681413
279.730207,285,4787.867846
266.373159,197,4793.39603
282.825988,282,4796.578745
264.273996,198,4798.757317
276.663346,280,4801.901017
264.105045,261,4804.778502
248.056638,204,4807.015474
294.196645,237,4810.88453
142.748963,1000,4822.644496
266.391099,204,4824.893704
2.415884,1000,4838.749908
262.260529,295,4841.998155
252.284331,245,4844.682509
253.894962,197,4848.320457
266.146494,219,4850.724626
273.134448,230,4853.281103
269.090146,196,4855.427838
274.883502,193,4857.546841
265.497668,229,4860.050588
261.428051,306,4863.524137
261.552717,221,4867.495978
270.625239,227,4870.00233
234.89926,231,4872.56187
259.36982,234,4875.145303
241.90251,210,4877.447089
257.775782,372,4881.720304
272.651525,598,4890.156022
278.873834,251,4892.938588
272.218355,247,4895.639369
256.014496,309,4899.047051
253.378138,206,4901.302474
278.36037,209,4906.779918
235.159348,215,4909.151058
274.227307,231,4911.733281
225.409327,236,4914.344985
263.28499,238,4916.950446
279.359267,238,4919.586616
211.884792,441,4926.536258
274.650332,699,4934.502648
255.126494,232,4937.059072
284.108002,475,4943.897219
256.474512,231,4946.437039
250.203181,978,4957.443127
258.429625,228,4961.45206
271.312557,197,4963.623409
272.458644,237,4966.225759
246.635404,229,4968.746907
248.69649,275,4971.771696
306.309148,233,4974.356115
294.21226,358,4980.837522
266.793688,232,4983.422
266.22773,253,4986.223681
249.076737,249,4988.988655
240.178433,211,4991.299304
265.920064,231,4993.821014
246.308327,222,4997.667697
275.356183,269,5000.676122
281.587625,252,5003.489397
273.367622,179,5005.46188
273.632117,249,5008.208932
259.240349,243,5010.886449
272.953026,267,5015.33314
276.473728,266,5018.286045
237.359004,216,5020.670475
149.165857,1000,5034.009212
230.858893,229,5036.542127
258.889393,242,5039.216085
290.380314,235,5041.792514
235.523759,239,5044.434184
268.342228,280,5047.537778
187.260234,586,5055.637841
262.36046,637,5062.856709
168.910804,956,5074.958221
255.255989,208,5077.237474
247.770399,272,5080.264573
257.172713,218,5082.653719
277.886191,234,5085.206805
256.510078,204,5089.542304
236.929031,201,5091.763716
152.600325,1000,5102.876299
290.25614,208,5105.169832
280.499384,206,5108.7477
270.593546,233,5111.335451
224.498063,218,5113.744388
262.180429,242,5116.418972
245.372977,204,5118.664371
250.729811,202,5120.885383
283.754996,225,5123.360193
300.605633,249,5127.634689
270.182116,347,5131.496621
280.48494,248,5134.229392
260.03857,253,5137.015109
157.146025,1000,5151.318064
275.679989,271,5154.353888
261.566101,215,5156.709444
160.064769,1000,5169.524626
280.797628,232,5172.101569
276.124412,243,5174.800986
270.119333,253,5177.605066
168.845172,1000,5191.004796
253.284095,204,5193.261716
278.575732,530,5201.378433
237.760671,190,5203.458686
246.91534,723,5211.608308
150.97393,1000,5224.536642
162.815669,1000,5236.114144
298.068871,253,5240.315133
280.57356,269,5243.287151
246.334282,222,5245.732265
276.658888,239,5248.387228
271.72336,239,5251.022628
252.490335,237,5253.632627
269.26214,253,5258.838509
253.029448,228,5261.360306
261.320948,283,5264.47322
274.997262,239,5267.135255
286.240717,260,5270.021682
262.06975,234,5272.616838
274.199345,245,5277.082052
269.634394,242,5279.752873
271.506594,250,5282.503502
269.583506,256,5285.327232
264.52774,288,5288.513725
272.357586,230,5291.028091
247.807336,198,5294.808345
259.594428,674,5302.62028
250.80204,206,5304.890474
278.960001,263,5307.809585
278.414045,177,5309.745246
273.360082,234,5313.678427
264.062093,213,5316.011079
273.36607,253,5318.803169
266.901043,197,5320.955755
277.114921,265,5323.90459
277.496313,239,5326.543696
259.569414,209,5331.269594
272.819848,277,5334.397035
275.405583,672,5342.054174
264.536748,195,5344.186077
256.325973,208,5346.462269
248.573683,200,5350.041653
255.346244,255,5352.886899
268.157612,731,5361.320447
298.839204,270,5364.289055
268.450861,243,5368.353738
265.871038,180,5370.326941
226.162431,217,5372.710663
251.582769,212,5375.035385
275.92929,272,5378.025692
284.765974,277,5381.095603
251.298786,453,5387.57488
262.125009,200,5389.776829
160.891992,1000,5401.147004
251.828318,235,5405.169624
279.912372,244,5407.885609
240.025077,190,5409.959587
259.984773,246,5412.680729
273.388175,207,5414.937829
229.87298,213,5417.263865
277.326696,191,5419.354141
279.97634,212,5423.360592
274.101959,230,5425.901882
269.280838,260,5428.8053
240.821455,240,5431.460249
258.230578,241,5434.123739
243.76462,219,5436.541603
289.635696,354,5442.034042
248.02606,211,5444.347995
271.822929,205,5446.593126
295.968866,244,5449.301002
281.862614,236,5451.890049
271.575157,265,5454.827488
249.254484,218,5458.714581
262.951165,224,5461.186206
263.415764,204,5463.446885
270.407012,239,5466.084141
274.290197,201,5468.285896
236.602997,216,5470.663902
228.869512,613,5479.516822
286.503777,198,5481.700413
287.991551,323,5485.277396
263.781737,222,5487.729846
259.594421,210,5490.047425
276.632462,226,5492.536118
256.073236,206,5496.937582
276.377761,229,5499.452956
248.462215,256,5502.277174
256.848459,204,5504.513942
279.7177,241,5507.171075
272.61766,259,5510.009331
267.099632,250,5514.105754
278.371423,274,5517.153586
279.060241,192,5519.269652
288.707438,282,5522.400344
251.539795,255,5525.237071
254.461981,283,5528.377017
271.746733,208,5532.070497
287.299433,204,5534.312807
255.258771,247,5537.041323
257.562248,218,5539.442923
256.151859,243,5542.106631
281.086355,237,5544.699403
287.857535,258,5547.601492
245.419317,225,5551.665206
285.610429,466,5556.826373
248.919508,231,5559.363256
276.818373,263,5562.255601
299.444695,234,5564.848575
299.913274,275,5569.395216
254.469925,206,5571.668175
274.606774,215,5574.017502
295.82228,255,5576.859051
258.478281,237,5579.469502
276.332975,250,5582.210924
278.647023,242,5586.380693
275.463788,257,5589.224304
259.159947,238,5591.851385
282.549279,258,5594.722925
256.127638,223,5597.173685
275.367838,262,5600.085803
254.609063,232,5604.147159
256.753824,224,5606.602096
242.247661,229,5609.123824
254.24144,225,5611.600898
266.959328,216,5613.97823
278.991208,241,5616.611081
243.912453,253,5619.422704
280.035691,216,5623.571758
273.015746,259,5626.416278
272.950111,242,5629.084491
263.266205,209,5631.389232
240.232057,211,5633.706976
262.110672,198,5635.885701
266.152414,322,5641.023124
289.358301,270,5644.015959
241.897646,213,5646.376748
265.021038,235,5648.964884
304.469351,225,5651.463859
275.01722,227,5653.984026
263.117858,213,5656.323639
296.400552,244,5661.720202
265.618521,234,5664.325432
285.029949,218,5666.738667
267.98931,246,5669.449312
279.003784,223,5671.897465
269.64582,239,5674.537281
277.794985,225,5678.452715
264.416506,221,5680.896619
262.18863,247,5683.627124
292.956323,235,5686.239826
293.10321,217,5688.633775
274.530216,247,5691.34806
292.220092,250,5695.589399
260.100569,273,5698.667272
293.168444,243,5701.370453
276.498925,245,5704.067168
292.791757,245,5706.781822
133.143895,1000,5719.798481
263.006899,209,5722.110649
287.60627,239,5724.774183
288.967444,221,5727.201793
274.220261,216,5729.57542
282.89707,315,5734.802123
261.074394,228,5737.327664
257.938021,218,5739.735453
259.604284,243,5742.406148
148.10131,1000,5755.395816
281.388413,205,5757.666058
275.162269,213,5760.025421
270.906128,215,5762.405867
260.972539,213,5764.737884
286.438793,300,5770.18181
257.177622,217,5772.577044
267.655297,229,5775.113572
284.909392,210,5777.444467
271.92763,244,5780.120679
279.786155,217,5782.523149
269.114095,210,5784.834509
244.060307,260,5789.551543
286.420427,216,5791.946028
294.55453,248,5794.715659
268.958227,234,5797.296474
288.159998,213,5799.635491
271.354071,218,5802.030744
282.35684,238,5806.546619
268.248448,240,5809.214523
280.873033,213,5811.579693
294.702383,289,5814.797884
270.361225,228,5817.332256
249.753635,221,5819.76331
241.798824,246,5822.477024
286.484741,275,5827.375239
278.958864,202,5829.616518
270.149385,212,5831.969357
260.205798,225,5834.462964
256.981379,203,5836.696193
257.909014,242,5839.380203
270.4964,287,5844.205943
255.281734,223,5846.67783
256.46435,231,5849.244165
301.03411,253,5852.031359
249.990918,234,5854.598464
274.695609,866,5866.427527
161.564473,1000,5877.902521
272.738183,246,5882.14235
259.79888,233,5884.709279
244.898871,217,5887.107258
287.224059,272,5890.11461
242.673127,216,5892.485188
284.493464,354,5896.408324
253.119465,220,5900.509165
250.704882,263,5903.439021
278.955121,241,5906.102215
262.790375,216,5908.486164
253.59857,215,5910.859563
267.340227,275,5913.88939
286.908032,238,5918.487184
276.2335,247,5921.215666
251.374971,229,5923.758533
237.86142,222,5926.201041
154.420614,1000,5939.170381
268.728095,206,5941.443629
273.046506,226,5943.941075
288.564828,220,5946.361705
261.497922,231,5948.910415
251.196146,941,5961.396049
252.535078,244,5964.095932
240.804088,238,5966.719464
244.733752,244,5969.426781
259.984129,237,5973.740673
253.811387,246,5976.463186
264.005271,205,5978.747342
269.729829,193,5980.867868
254.341024,220,5983.295326
243.401137,217,5985.679588
240.161939,240,5988.331609
297.918387,194,5992.233324
256.648228,217,5994.621323
286.657921,211,5996.954783
262.416311,228,5999.446846
281.656167,270,6002.421018
254.18175,242,6005.092208
271.176666,274,6009.907575
270.475322,208,6012.208709
273.32917,231,6014.754662
280.502939,261,6017.616419
286.76482,230,6020.159702
290.377565,243,6022.849371
257.627997,212,6025.193952
264.018546,239,6029.438738
260.059302,280,6032.58203
265.724407,207,6034.867287
273.399089,245,6037.573605
290.093903,250,6040.356451
288.217518,231,6042.927642
243.595014,229,6047.110816
268.166548,245,6049.827277
260.174354,319,6053.37569
266.779045,249,6056.126302
288.977332,225,6058.623514
257.185157,226,6061.114527
268.608931,229,6065.276778
292.646945,222,6067.712512
272.083607,233,6070.280327
270.078945,262,6073.167115
273.058934,231,6075.696993
255.44786,230,6078.214656
279.0433,880,6089.675826
265.064924,258,6092.526092
275.287156,196,6094.681727
294.804076,219,6097.099385
242.223492,220,6101.055612
274.218958,229,6103.595436
278.69837,232,6106.167394
247.582442,236,6108.764811
297.350682,215,6111.144291
284.474036,200,6113.345092
274.743889,214,6115.682925
247.589972,223,6119.544772
288.915822,204,6121.805066
266.617973,381,6126.06352
254.36441,219,6128.474437
292.612418,224,6130.936331
298.342594,226,6133.449287
261.741691,254,6138.392787
298.192284,210,6140.714558
290.317276,217,6143.120431
256.201982,245,6145.825446
267.175089,236,6148.421105
271.916031,204,6150.665886
289.470843,230,6153.20788
248.823344,212,6156.994624
240.200316,216,6159.385221
287.937037,220,6161.804273
277.024327,238,6164.412354
280.4135,176,6166.331816
294.977654,208,6168.625203
256.583811,217,6170.991198
258.562963,204,6175.249224
284.891419,199,6177.453228
270.364004,199,6179.650286
273.920482,215,6182.017032
277.740037,309,6185.476667
258.109671,192,6187.584086
242.807853,220,6191.755587
268.94259,221,6194.20737
241.389862,223,6196.67795
271.806004,201,6198.896263
249.332396,210,6201.208519
262.584408,245,6203.900958
256.724661,232,6206.466983
291.763364,231,6210.59376
278.148768,206,6212.863912
296.553654,265,6215.770376
282.322982,228,6218.280347
285.822869,205,6220.521992
264.578653,250,6223.288919
291.196796,240,6225.908785
271.046229,282,6230.507355
284.358645,257,6233.358311
241.960636,226,6235.884218
286.997319,242,6238.578708
291.634276,285,6241.77787
233.759764,246,6244.558185
272.717905,275,6249.440164
274.823244,557,6255.953212
277.939125,206,6258.274763
251.928913,207,6260.583398
263.034091,195,6262.766021
272.61939,203,6267.041677
275.458111,239,6269.733774
273.009109,214,6272.149796
278.802811,542,6278.420317
286.214051,178,6280.413728
302.38925,198,6284.297735
278.815329,231,6286.908559
274.927538,229,6289.490926
260.670165,214,6291.896511
287.917636,249,6294.701586
257.968687,211,6297.057296
265.359624,210,6299.418186
259.203869,230,6303.946966
262.422962,204,6306.245605
277.889871,192,6308.404278
252.365172,186,6310.484649
278.695001,247,6313.26146
279.008933,187,6315.354455
262.704066,193,6317.507404
253.998164,677,6329.709109
277.951822,810,6339.584068
261.107257,212,6341.96518
260.219144,766,6354.433506
290.643839,269,6357.467449
244.43989,214,6359.863436
279.1282,193,6362.021453
248.498635,491,6369.338918
272.214277,793,6379.051557
243.721459,204,6381.352558
286.731521,201,6388.066867
292.354097,196,6390.298232
283.119067,245,6393.097437
259.103439,215,6395.525414
252.816692,224,6398.078428
287.43062,266,6401.127038
242.699474,213,6403.526586
244.556935,220,6407.916448
273.606917,219,6410.395637
251.350827,189,6412.529642
289.385876,240,6415.241275
265.09521,204,6417.53866
262.289737,233,6420.194778
282.016718,260,6424.767997
257.586063,256,6427.646349
278.679191,199,6429.879465
272.261551,225,6432.416974
257.917669,979,6445.946155
255.22859,206,6448.26309
270.740315,209,6450.599263
282.920055,267,6453.654751
285.051877,322,6457.34356
266.035756,238,6460.023504
238.391192,195,6463.682371
270.473813,195,6465.886789
290.2589,263,6468.856551
284.894076,265,6471.858741
292.999475,202,6474.131296
269.611656,222,6476.634075
285.132912,297,6481.754213
282.284863,220,6484.230304
140.489004,1000,6495.88146
261.327451,222,6500.397587
270.313678,535,6506.525653
279.091217,194,6508.71134
275.951216,208,6511.057559
280.740737,196,6513.254424
276.170158,210,6515.61783
271.243574,265,6519.93119
259.750488,192,6522.093256
278.503329,235,6524.756069
278.927139,188,6526.866901
301.78448,237,6529.526883
289.557026,208,6531.879594
286.932861,229,6534.456408
290.131037,210,6538.6816
257.68172,216,6541.122462
256.918614,229,6543.698694
284.204778,226,6546.222824
288.712866,199,6548.452657
257.145314,225,6550.981952
281.030201,219,6553.440033
257.876273,200,6557.438042
246.289508,227,6559.997625
250.290136,192,6562.158107
272.667034,244,6564.915473
277.113384,233,6567.579382
286.775805,188,6569.682807
278.651667,231,6572.26504
271.394711,261,6577.267462
267.601643,219,6579.737118
271.315857,275,6582.854119
265.080496,243,6585.602449
276.643313,264,6588.583848
